{"count":1,"self":68.9922048,"total":501.87976249999997,"children":{"InitializeActuators":{"count":210,"self":0.0005061,"total":0.0005061,"children":null},"InitializeSensors":{"count":210,"self":0.0050847,"total":0.0050847,"children":null},"AgentSendState":{"count":55051,"self":22.9237568,"total":31.762985999999998,"children":{"CollectObservations":{"count":214684,"self":0.7441662,"total":0.7441662,"children":null},"WriteActionMask":{"count":214684,"self":0.087823299999999993,"total":0.087823299999999993,"children":null},"RequestDecision":{"count":214684,"self":0.3939952,"total":8.0072394,"children":{"AgentInfo.ToProto":{"count":214684,"self":0.2395877,"total":7.6132442,"children":{"GenerateSensorData":{"count":214684,"self":5.9037524,"total":7.3736565,"children":{"RayPerceptionSensor.Perceive":{"count":1502788,"self":1.4699041,"total":1.4699041,"children":null}}}}}}}}},"DecideAction":{"count":55051,"self":400.52927999999997,"total":400.52927289999997,"children":null},"AgentAct":{"count":55051,"self":0.58004139999999993,"total":0.58004139999999993,"children":null},"AgentInfo.ToProto":{"count":239,"self":0.0015359,"total":0.0096689999999999988,"children":{"GenerateSensorData":{"count":239,"self":0.0065911999999999993,"total":0.008133099999999999,"children":{"RayPerceptionSensor.Perceive":{"count":1673,"self":0.0015419,"total":0.0015419,"children":null}}}}}},"gauges":{"TankControll.CumulativeReward":{"count":50,"max":7.403014,"min":-0.24400112,"runningAverage":2.428863,"value":5.91854143,"weightedAverage":2.64808774}},"metadata":{"timer_format_version":"0.1.0","start_time_seconds":"1732916254","unity_version":"2022.3.19f1","command_line_arguments":"C:\\Program Files\\Unity\\Hub\\Editor\\2022.3.19f1\\Editor\\Unity.exe -projectpath D:\\BME\\felev1\\onlab\\AI_Warfare -useHub -hubIPC -cloudEnvironment production -licensingIpc LicenseClient-yT03PQQyLXKu4qWgqBylt -hubSessionId 9ebcf399-0eca-4f43-907d-f9afa34bdf38 -accessToken XbCVZyGd4x98Hq8GU2JDjwmf96-qlJVm9WSrTLXQf3s007f","communication_protocol_version":"1.5.0","com.unity.ml-agents_version":"2.0.1","scene_name":"SampleScene","end_time_seconds":"1732916756"}}